URL,Последнее сканирование
https://apple.cx.ua/iphone-11-pro-max/backglass/original-used/,1970-01-01
https://apple.cx.ua/iphone-11-pro-max/backglass/original/,1970-01-01
https://apple.cx.ua/iphone-11-pro-max/battery/original-used/,1970-01-01
https://apple.cx.ua/iphone-11-pro-max/battery/original/,1970-01-01
https://apple.cx.ua/iphone-11-pro-max/camera/original-used/,1970-01-01
https://apple.cx.ua/iphone-11-pro-max/camera/original/,1970-01-01
https://apple.cx.ua/iphone-11-pro-max/charging/original/,1970-01-01
https://apple.cx.ua/iphone-11-pro-max/screen/original-used/,1970-01-01
https://apple.cx.ua/iphone-11-pro-max/screen/original/,1970-01-01
https://apple.cx.ua/iphone-11-pro-max/speaker/original/,1970-01-01
https://apple.cx.ua/iphone-11-pro-max/unlock/standard/,1970-01-01
https://apple.cx.ua/iphone-11-pro-max/water/standard/,1970-01-01
https://apple.cx.ua/iphone-11-pro/,1970-01-01
https://apple.cx.ua/iphone-11-pro/backglass/original-used/,1970-01-01
https://apple.cx.ua/iphone-11-pro/backglass/original/,1970-01-01
https://apple.cx.ua/iphone-11-pro/battery/analog/,1970-01-01
https://apple.cx.ua/iphone-11-pro/battery/original-used/,1970-01-01
https://apple.cx.ua/iphone-11-pro/battery/original/,1970-01-01
https://apple.cx.ua/iphone-11-pro/camera/original/,1970-01-01
https://apple.cx.ua/iphone-11-pro/charging/original/,1970-01-01
https://apple.cx.ua/iphone-11-pro/screen/original-used/,1970-01-01
https://apple.cx.ua/iphone-11-pro/screen/original/,1970-01-01
https://apple.cx.ua/iphone-11-pro/speaker/,1970-01-01
https://apple.cx.ua/iphone-11-pro/speaker/analog/,1970-01-01
https://apple.cx.ua/iphone-11-pro/speaker/original-used/,1970-01-01
https://apple.cx.ua/iphone-11-pro/speaker/original/,1970-01-01
https://apple.cx.ua/iphone-11-pro/water/standard/,1970-01-01
https://apple.cx.ua/iphone-11/backglass/original/,1970-01-01
https://apple.cx.ua/iphone-11/battery/original/,1970-01-01
https://apple.cx.ua/iphone-11/charging/original/,1970-01-01
https://apple.cx.ua/iphone-11/screen/original-used/,1970-01-01
https://apple.cx.ua/iphone-11/screen/original/,1970-01-01
https://apple.cx.ua/iphone-11/speaker/,1970-01-01
https://apple.cx.ua/iphone-11/speaker/analog/,1970-01-01
https://apple.cx.ua/iphone-11/speaker/original/,1970-01-01
https://apple.cx.ua/iphone-11/unlock/,1970-01-01
https://apple.cx.ua/iphone-11/water/,1970-01-01
https://apple.cx.ua/iphone-12-mini/backglass/original-used/,1970-01-01
https://apple.cx.ua/iphone-12-mini/backglass/original/,1970-01-01
https://apple.cx.ua/iphone-12-mini/battery/original/,1970-01-01
https://apple.cx.ua/iphone-12-mini/camera/,1970-01-01
https://apple.cx.ua/iphone-12-mini/camera/original/,1970-01-01
https://apple.cx.ua/iphone-12-mini/charging/,1970-01-01
https://apple.cx.ua/iphone-12-mini/charging/analog/,1970-01-01
https://apple.cx.ua/iphone-12-mini/charging/original/,1970-01-01
https://apple.cx.ua/iphone-12-mini/screen/original/,1970-01-01
https://apple.cx.ua/iphone-12-mini/speaker/analog/,1970-01-01
https://apple.cx.ua/iphone-12-mini/speaker/original/,1970-01-01
https://apple.cx.ua/iphone-12-mini/unlock/standard/,1970-01-01
https://apple.cx.ua/iphone-12-pro-max/backglass/analog/,1970-01-01
https://apple.cx.ua/iphone-12-pro-max/backglass/original-used/,1970-01-01
https://apple.cx.ua/iphone-12-pro-max/backglass/original/,1970-01-01
https://apple.cx.ua/iphone-12-pro-max/battery/original-used/,1970-01-01
https://apple.cx.ua/iphone-12-pro-max/battery/original/,1970-01-01
https://apple.cx.ua/iphone-12-pro-max/camera/,1970-01-01
https://apple.cx.ua/iphone-12-pro-max/camera/analog/,1970-01-01
https://apple.cx.ua/iphone-12-pro-max/camera/original-used/,1970-01-01
https://apple.cx.ua/iphone-12-pro-max/camera/original/,1970-01-01
https://apple.cx.ua/iphone-12-pro-max/charging/,1970-01-01
https://apple.cx.ua/iphone-12-pro-max/charging/original/,1970-01-01
https://apple.cx.ua/iphone-12-pro-max/screen/analog/,1970-01-01
https://apple.cx.ua/iphone-12-pro-max/screen/original/,1970-01-01
https://apple.cx.ua/iphone-12-pro-max/speaker/,1970-01-01
https://apple.cx.ua/iphone-12-pro-max/speaker/analog/,1970-01-01
https://apple.cx.ua/iphone-12-pro-max/speaker/original-used/,1970-01-01
https://apple.cx.ua/iphone-12-pro-max/speaker/original/,1970-01-01
https://apple.cx.ua/iphone-12-pro-max/unlock/,1970-01-01
https://apple.cx.ua/iphone-12-pro-max/unlock/standard/,1970-01-01
https://apple.cx.ua/iphone-12-pro-max/water/standard/,1970-01-01
https://apple.cx.ua/iphone-12-pro/backglass/original-used/,1970-01-01
https://apple.cx.ua/iphone-12-pro/backglass/original/,1970-01-01
https://apple.cx.ua/iphone-12-pro/battery/original/,1970-01-01
https://apple.cx.ua/iphone-12-pro/camera/,1970-01-01
https://apple.cx.ua/iphone-12-pro/camera/analog/,1970-01-01
https://apple.cx.ua/iphone-12-pro/camera/original-used/,1970-01-01
https://apple.cx.ua/iphone-12-pro/camera/original/,1970-01-01
https://apple.cx.ua/iphone-12-pro/charging/original/,1970-01-01
https://apple.cx.ua/iphone-12-pro/screen/original-used/,1970-01-01
https://apple.cx.ua/iphone-12-pro/screen/original/,1970-01-01
https://apple.cx.ua/iphone-12-pro/speaker/original/,1970-01-01
https://apple.cx.ua/iphone-12-pro/unlock/standard/,1970-01-01
https://apple.cx.ua/iphone-12-pro/water/,1970-01-01
https://apple.cx.ua/iphone-12-pro/water/standard/,1970-01-01
https://apple.cx.ua/iphone-12/backglass/analog/,1970-01-01
https://apple.cx.ua/iphone-12/backglass/original-used/,1970-01-01
https://apple.cx.ua/iphone-12/backglass/original/,1970-01-01
https://apple.cx.ua/iphone-12/battery/original/,1970-01-01
https://apple.cx.ua/iphone-12/camera/original-used/,1970-01-01
https://apple.cx.ua/iphone-12/camera/original/,1970-01-01
https://apple.cx.ua/iphone-12/screen/,1970-01-01
https://apple.cx.ua/iphone-12/screen/analog/,1970-01-01
https://apple.cx.ua/iphone-12/screen/original-used/,1970-01-01
https://apple.cx.ua/iphone-12/screen/original/,1970-01-01
https://apple.cx.ua/iphone-12/speaker/original/,1970-01-01
https://apple.cx.ua/iphone-12/water/standard/,1970-01-01
https://apple.cx.ua/iphone-13-mini/backglass/original/,1970-01-01
https://apple.cx.ua/iphone-13-mini/battery/original-used/,1970-01-01
https://apple.cx.ua/iphone-13-mini/battery/original/,1970-01-01
https://apple.cx.ua/iphone-13-mini/camera/original/,1970-01-01
https://apple.cx.ua/iphone-13-mini/charging/analog/,1970-01-01
https://apple.cx.ua/iphone-13-mini/charging/original/,1970-01-01
https://apple.cx.ua/iphone-13-mini/screen/original-used/,1970-01-01
https://apple.cx.ua/iphone-13-mini/screen/original/,1970-01-01
https://apple.cx.ua/iphone-13-mini/speaker/original/,1970-01-01
https://apple.cx.ua/iphone-13-mini/water/,1970-01-01
https://apple.cx.ua/iphone-13-pro-max/backglass/analog/,1970-01-01
https://apple.cx.ua/iphone-13-pro-max/backglass/original-used/,1970-01-01
https://apple.cx.ua/iphone-13-pro-max/backglass/original/,1970-01-01
https://apple.cx.ua/iphone-13-pro-max/battery/original-used/,1970-01-01
https://apple.cx.ua/iphone-13-pro-max/battery/original/,1970-01-01
https://apple.cx.ua/iphone-13-pro-max/camera/original/,1970-01-01
https://apple.cx.ua/iphone-13-pro-max/screen/analog/,1970-01-01
https://apple.cx.ua/iphone-13-pro-max/screen/original-used/,1970-01-01
https://apple.cx.ua/iphone-13-pro-max/screen/original/,1970-01-01
https://apple.cx.ua/iphone-13-pro-max/speaker/original/,1970-01-01
https://apple.cx.ua/iphone-13-pro-max/unlock/standard/,1970-01-01
https://apple.cx.ua/iphone-13-pro-max/water/standard/,1970-01-01
https://apple.cx.ua/iphone-13-pro/backglass/original/,1970-01-01
https://apple.cx.ua/iphone-13-pro/battery/,1970-01-01
https://apple.cx.ua/iphone-13-pro/battery/original-used/,1970-01-01
https://apple.cx.ua/iphone-13-pro/camera/,1970-01-01
https://apple.cx.ua/iphone-13-pro/camera/analog/,1970-01-01
https://apple.cx.ua/iphone-13-pro/camera/original-used/,1970-01-01
https://apple.cx.ua/iphone-13-pro/camera/original/,1970-01-01
https://apple.cx.ua/iphone-13-pro/charging/original/,1970-01-01
https://apple.cx.ua/iphone-13-pro/screen/,1970-01-01
https://apple.cx.ua/iphone-13-pro/screen/analog/,1970-01-01
https://apple.cx.ua/iphone-13-pro/screen/original-used/,1970-01-01
https://apple.cx.ua/iphone-13-pro/screen/original/,1970-01-01
https://apple.cx.ua/iphone-13-pro/speaker/,1970-01-01
https://apple.cx.ua/iphone-13-pro/speaker/analog/,1970-01-01
https://apple.cx.ua/iphone-13-pro/speaker/original-used/,1970-01-01
https://apple.cx.ua/iphone-13-pro/speaker/original/,1970-01-01
https://apple.cx.ua/iphone-13-pro/unlock/,1970-01-01
https://apple.cx.ua/iphone-13-pro/water/,1970-01-01
https://apple.cx.ua/iphone-13-pro/water/standard/,1970-01-01
https://apple.cx.ua/iphone-13/,1970-01-01
https://apple.cx.ua/iphone-13/backglass/original/,1970-01-01
https://apple.cx.ua/iphone-13/battery/,1970-01-01
https://apple.cx.ua/iphone-13/battery/original/,1970-01-01
https://apple.cx.ua/iphone-13/camera/original-used/,1970-01-01
https://apple.cx.ua/iphone-13/camera/original/,1970-01-01
https://apple.cx.ua/iphone-13/charging/original/,1970-01-01
https://apple.cx.ua/iphone-13/screen/analog/,1970-01-01
https://apple.cx.ua/iphone-13/screen/original/,1970-01-01
https://apple.cx.ua/iphone-13/speaker/original/,1970-01-01
https://apple.cx.ua/iphone-13/water/standard/,1970-01-01
https://apple.cx.ua/iphone-14-plus/backglass/original/,1970-01-01
https://apple.cx.ua/iphone-14-plus/battery/original/,1970-01-01
https://apple.cx.ua/iphone-14-plus/camera/,1970-01-01
https://apple.cx.ua/iphone-14-plus/camera/original/,1970-01-01
https://apple.cx.ua/iphone-14-plus/charging/original/,1970-01-01
https://apple.cx.ua/iphone-14-plus/screen/original/,1970-01-01
https://apple.cx.ua/iphone-14-plus/speaker/original-used/,1970-01-01
https://apple.cx.ua/iphone-14-plus/speaker/original/,1970-01-01
https://apple.cx.ua/iphone-14-plus/unlock/standard/,1970-01-01
https://apple.cx.ua/iphone-14-plus/water/standard/,1970-01-01
https://apple.cx.ua/iphone-14-pro-max/backglass/analog/,1970-01-01
https://apple.cx.ua/iphone-14-pro-max/backglass/original-used/,1970-01-01
https://apple.cx.ua/iphone-14-pro-max/backglass/original/,1970-01-01
https://apple.cx.ua/iphone-14-pro-max/battery/original-used/,1970-01-01
https://apple.cx.ua/iphone-14-pro-max/battery/original/,1970-01-01
https://apple.cx.ua/iphone-14-pro-max/camera/original/,1970-01-01
https://apple.cx.ua/iphone-14-pro-max/charging/original/,1970-01-01
https://apple.cx.ua/iphone-14-pro-max/screen/analog/,1970-01-01
https://apple.cx.ua/iphone-14-pro-max/screen/original-used/,1970-01-01
https://apple.cx.ua/iphone-14-pro-max/screen/original/,1970-01-01
https://apple.cx.ua/iphone-14-pro-max/speaker/original/,1970-01-01
https://apple.cx.ua/iphone-14-pro-max/water/standard/,1970-01-01
https://apple.cx.ua/iphone-14-pro/backglass/original-used/,1970-01-01
https://apple.cx.ua/iphone-14-pro/backglass/original/,1970-01-01
https://apple.cx.ua/iphone-14-pro/battery/original/,1970-01-01
https://apple.cx.ua/iphone-14-pro/camera/original/,1970-01-01
https://apple.cx.ua/iphone-14-pro/charging/original/,1970-01-01
https://apple.cx.ua/iphone-14-pro/screen/analog/,1970-01-01
https://apple.cx.ua/iphone-14-pro/screen/original/,1970-01-01
https://apple.cx.ua/iphone-14-pro/unlock/standard/,1970-01-01
https://apple.cx.ua/iphone-14/backglass/analog/,1970-01-01
https://apple.cx.ua/iphone-14/backglass/original-used/,1970-01-01
https://apple.cx.ua/iphone-14/backglass/original/,1970-01-01
https://apple.cx.ua/iphone-14/charging/original/,1970-01-01
https://apple.cx.ua/iphone-14/screen/original-used/,1970-01-01
https://apple.cx.ua/iphone-14/screen/original/,1970-01-01
https://apple.cx.ua/iphone-14/speaker/original/,1970-01-01
https://apple.cx.ua/iphone-14/unlock/standard/,1970-01-01
https://apple.cx.ua/iphone-14/water/standard/,1970-01-01
https://apple.cx.ua/iphone-15-plus/backglass/analog/,1970-01-01
https://apple.cx.ua/iphone-15-plus/backglass/original-used/,1970-01-01
https://apple.cx.ua/iphone-15-plus/backglass/original/,1970-01-01
https://apple.cx.ua/iphone-15-plus/battery/,1970-01-01
https://apple.cx.ua/iphone-15-plus/battery/original-used/,1970-01-01
https://apple.cx.ua/iphone-15-plus/battery/original/,1970-01-01
https://apple.cx.ua/iphone-15-plus/camera/original/,1970-01-01
https://apple.cx.ua/iphone-15-plus/charging/original/,1970-01-01
https://apple.cx.ua/iphone-15-plus/screen/,1970-01-01
https://apple.cx.ua/iphone-15-plus/screen/original/,1970-01-01
https://apple.cx.ua/iphone-15-plus/speaker/original/,1970-01-01
https://apple.cx.ua/iphone-15-plus/unlock/standard/,1970-01-01
https://apple.cx.ua/iphone-15-plus/water/standard/,1970-01-01
https://apple.cx.ua/iphone-15-pro-max/backglass/original-used/,1970-01-01
https://apple.cx.ua/iphone-15-pro-max/backglass/original/,1970-01-01
https://apple.cx.ua/iphone-15-pro-max/battery/original-used/,1970-01-01
https://apple.cx.ua/iphone-15-pro-max/battery/original/,1970-01-01
https://apple.cx.ua/iphone-15-pro-max/camera/analog/,1970-01-01
https://apple.cx.ua/iphone-15-pro-max/camera/original/,1970-01-01
https://apple.cx.ua/iphone-15-pro-max/charging/original/,1970-01-01
https://apple.cx.ua/iphone-15-pro-max/screen/analog/,1970-01-01
https://apple.cx.ua/iphone-15-pro-max/screen/original-used/,1970-01-01
https://apple.cx.ua/iphone-15-pro-max/unlock/,1970-01-01
https://apple.cx.ua/iphone-15-pro-max/unlock/standard/,1970-01-01
https://apple.cx.ua/iphone-15-pro-max/water/standard/,1970-01-01
https://apple.cx.ua/iphone-15-pro/backglass/original-used/,1970-01-01
https://apple.cx.ua/iphone-15-pro/backglass/original/,1970-01-01
https://apple.cx.ua/iphone-15-pro/battery/original/,1970-01-01
https://apple.cx.ua/iphone-15-pro/camera/analog/,1970-01-01
https://apple.cx.ua/iphone-15-pro/camera/original/,1970-01-01
https://apple.cx.ua/iphone-15-pro/screen/original-used/,1970-01-01
https://apple.cx.ua/iphone-15-pro/screen/original/,1970-01-01
https://apple.cx.ua/iphone-15-pro/speaker/original/,1970-01-01
https://apple.cx.ua/iphone-15-pro/unlock/,1970-01-01
https://apple.cx.ua/iphone-15-pro/unlock/standard/,1970-01-01
https://apple.cx.ua/iphone-15-pro/water/standard/,1970-01-01
https://apple.cx.ua/iphone-15/backglass/original-used/,1970-01-01
https://apple.cx.ua/iphone-15/backglass/original/,1970-01-01
https://apple.cx.ua/iphone-15/battery/original-used/,1970-01-01
https://apple.cx.ua/iphone-15/battery/original/,1970-01-01
https://apple.cx.ua/iphone-15/charging/original/,1970-01-01
https://apple.cx.ua/iphone-15/screen/original-used/,1970-01-01
https://apple.cx.ua/iphone-15/screen/original/,1970-01-01
https://apple.cx.ua/iphone-15/speaker/analog/,1970-01-01
https://apple.cx.ua/iphone-15/speaker/original-used/,1970-01-01
https://apple.cx.ua/iphone-15/speaker/original/,1970-01-01
https://apple.cx.ua/iphone-15/unlock/standard/,1970-01-01
https://apple.cx.ua/iphone-16-plus/backglass/original-used/,1970-01-01
https://apple.cx.ua/iphone-16-plus/backglass/original/,1970-01-01
https://apple.cx.ua/iphone-16-plus/battery/original/,1970-01-01
https://apple.cx.ua/iphone-16-plus/camera/original/,1970-01-01
https://apple.cx.ua/iphone-16-plus/charging/original/,1970-01-01
https://apple.cx.ua/iphone-16-plus/screen/original-used/,1970-01-01
https://apple.cx.ua/iphone-16-plus/screen/original/,1970-01-01
https://apple.cx.ua/iphone-16-plus/speaker/original/,1970-01-01
https://apple.cx.ua/iphone-16-plus/unlock/standard/,1970-01-01
https://apple.cx.ua/iphone-16-pro-max/backglass/analog/,1970-01-01
https://apple.cx.ua/iphone-16-pro-max/backglass/original-used/,1970-01-01
https://apple.cx.ua/iphone-16-pro-max/backglass/original/,1970-01-01
https://apple.cx.ua/iphone-16-pro-max/battery/original-used/,1970-01-01
https://apple.cx.ua/iphone-16-pro-max/battery/original/,1970-01-01
https://apple.cx.ua/iphone-16-pro-max/camera/analog/,1970-01-01
https://apple.cx.ua/iphone-16-pro-max/camera/original-used/,1970-01-01
https://apple.cx.ua/iphone-16-pro-max/camera/original/,1970-01-01
https://apple.cx.ua/iphone-16-pro-max/charging/original/,1970-01-01
https://apple.cx.ua/iphone-16-pro-max/screen/analog/,1970-01-01
https://apple.cx.ua/iphone-16-pro-max/screen/original-used/,1970-01-01
https://apple.cx.ua/iphone-16-pro-max/screen/original/,1970-01-01
https://apple.cx.ua/iphone-16-pro-max/speaker/original/,1970-01-01
https://apple.cx.ua/iphone-16-pro-max/unlock/standard/,1970-01-01
https://apple.cx.ua/iphone-16-pro-max/water/standard/,1970-01-01
https://apple.cx.ua/iphone-16-pro/backglass/analog/,1970-01-01
https://apple.cx.ua/iphone-16-pro/backglass/original-used/,1970-01-01
https://apple.cx.ua/iphone-16-pro/backglass/original/,1970-01-01
https://apple.cx.ua/iphone-16-pro/battery/analog/,1970-01-01
https://apple.cx.ua/iphone-16-pro/battery/original/,1970-01-01
https://apple.cx.ua/iphone-16-pro/camera/original/,1970-01-01
https://apple.cx.ua/iphone-16-pro/charging/,1970-01-01
https://apple.cx.ua/iphone-16-pro/charging/original/,1970-01-01
https://apple.cx.ua/iphone-16-pro/screen/analog/,1970-01-01
https://apple.cx.ua/iphone-16-pro/screen/original-used/,1970-01-01
https://apple.cx.ua/iphone-16-pro/screen/original/,1970-01-01
https://apple.cx.ua/iphone-16-pro/speaker/original/,1970-01-01
https://apple.cx.ua/iphone-16-pro/unlock/standard/,1970-01-01
https://apple.cx.ua/iphone-16-pro/water/standard/,1970-01-01
https://apple.cx.ua/iphone-16/backglass/original/,1970-01-01
https://apple.cx.ua/iphone-16/battery/original/,1970-01-01
https://apple.cx.ua/iphone-16/camera/original/,1970-01-01
https://apple.cx.ua/iphone-16/charging/original-used/,1970-01-01
https://apple.cx.ua/iphone-16/charging/original/,1970-01-01
https://apple.cx.ua/iphone-16/speaker/original-used/,1970-01-01
https://apple.cx.ua/iphone-16/speaker/original/,1970-01-01
https://apple.cx.ua/iphone-6-plus/backglass/original-used/,1970-01-01
https://apple.cx.ua/iphone-6-plus/backglass/original/,1970-01-01
https://apple.cx.ua/iphone-6-plus/battery/,1970-01-01
https://apple.cx.ua/iphone-6-plus/battery/original/,1970-01-01
https://apple.cx.ua/iphone-6-plus/camera/original/,1970-01-01
https://apple.cx.ua/iphone-6-plus/charging/original-used/,1970-01-01
https://apple.cx.ua/iphone-6-plus/charging/original/,1970-01-01
https://apple.cx.ua/iphone-6-plus/screen/analog/,1970-01-01
https://apple.cx.ua/iphone-6-plus/screen/original/,1970-01-01
https://apple.cx.ua/iphone-6-plus/speaker/original/,1970-01-01
https://apple.cx.ua/iphone-6-plus/unlock/standard/,1970-01-01
https://apple.cx.ua/iphone-6-plus/water/,1970-01-01
https://apple.cx.ua/iphone-6-plus/water/standard/,1970-01-01
https://apple.cx.ua/iphone-6/backglass/analog/,1970-01-01
https://apple.cx.ua/iphone-6/backglass/original-used/,1970-01-01
https://apple.cx.ua/iphone-6/backglass/original/,1970-01-01
https://apple.cx.ua/iphone-6/battery/original-used/,1970-01-01
https://apple.cx.ua/iphone-6/battery/original/,1970-01-01
https://apple.cx.ua/iphone-6/camera/,1970-01-01
https://apple.cx.ua/iphone-6/camera/original/,1970-01-01
https://apple.cx.ua/iphone-6/charging/original/,1970-01-01
https://apple.cx.ua/iphone-6/screen/original-used/,1970-01-01
https://apple.cx.ua/iphone-6/screen/original/,1970-01-01
https://apple.cx.ua/iphone-6/speaker/,1970-01-01
https://apple.cx.ua/iphone-6/speaker/original-used/,1970-01-01
https://apple.cx.ua/iphone-6/speaker/original/,1970-01-01
https://apple.cx.ua/iphone-6/unlock/standard/,1970-01-01
https://apple.cx.ua/iphone-6s-plus/backglass/original/,1970-01-01
https://apple.cx.ua/iphone-6s-plus/battery/,1970-01-01
https://apple.cx.ua/iphone-6s-plus/battery/analog/,1970-01-01
https://apple.cx.ua/iphone-6s-plus/battery/original/,1970-01-01
https://apple.cx.ua/iphone-6s-plus/camera/original-used/,1970-01-01
https://apple.cx.ua/iphone-6s-plus/camera/original/,1970-01-01
https://apple.cx.ua/iphone-6s-plus/charging/original/,1970-01-01
https://apple.cx.ua/iphone-6s-plus/screen/original/,1970-01-01
https://apple.cx.ua/iphone-6s-plus/speaker/original/,1970-01-01
https://apple.cx.ua/iphone-6s-plus/unlock/standard/,1970-01-01
https://apple.cx.ua/iphone-6s/backglass/analog/,1970-01-01
https://apple.cx.ua/iphone-6s/backglass/original-used/,1970-01-01
https://apple.cx.ua/iphone-6s/backglass/original/,1970-01-01
https://apple.cx.ua/iphone-6s/battery/original/,1970-01-01
https://apple.cx.ua/iphone-6s/camera/original/,1970-01-01
https://apple.cx.ua/iphone-6s/charging/,1970-01-01
https://apple.cx.ua/iphone-6s/charging/original/,1970-01-01
https://apple.cx.ua/iphone-6s/screen/original-used/,1970-01-01
https://apple.cx.ua/iphone-6s/screen/original/,1970-01-01
https://apple.cx.ua/iphone-6s/speaker/original-used/,1970-01-01
https://apple.cx.ua/iphone-6s/speaker/original/,1970-01-01
https://apple.cx.ua/iphone-6s/unlock/standard/,1970-01-01
https://apple.cx.ua/iphone-6s/water/standard/,1970-01-01
https://apple.cx.ua/iphone-7-plus/backglass/original-used/,1970-01-01
https://apple.cx.ua/iphone-7-plus/backglass/original/,1970-01-01
https://apple.cx.ua/iphone-7-plus/battery/analog/,1970-01-01
https://apple.cx.ua/iphone-7-plus/battery/original/,1970-01-01
https://apple.cx.ua/iphone-7-plus/camera/analog/,1970-01-01
https://apple.cx.ua/iphone-7-plus/camera/original-used/,1970-01-01
https://apple.cx.ua/iphone-7-plus/camera/original/,1970-01-01
https://apple.cx.ua/iphone-7-plus/charging/original/,1970-01-01
https://apple.cx.ua/iphone-7-plus/screen/,1970-01-01
https://apple.cx.ua/iphone-7-plus/screen/analog/,1970-01-01
https://apple.cx.ua/iphone-7-plus/screen/original-used/,1970-01-01
https://apple.cx.ua/iphone-7-plus/screen/original/,1970-01-01
https://apple.cx.ua/iphone-7-plus/speaker/original/,1970-01-01
https://apple.cx.ua/iphone-7-plus/unlock/,1970-01-01
https://apple.cx.ua/iphone-7/,1970-01-01
https://apple.cx.ua/iphone-7/backglass/,1970-01-01
https://apple.cx.ua/iphone-7/backglass/analog/,1970-01-01
https://apple.cx.ua/iphone-7/backglass/original-used/,1970-01-01
https://apple.cx.ua/iphone-7/backglass/original/,1970-01-01
https://apple.cx.ua/iphone-7/battery/,1970-01-01
https://apple.cx.ua/iphone-7/battery/analog/,1970-01-01
https://apple.cx.ua/iphone-7/battery/original-used/,1970-01-01
https://apple.cx.ua/iphone-7/battery/original/,1970-01-01
https://apple.cx.ua/iphone-7/camera/,1970-01-01
https://apple.cx.ua/iphone-7/camera/analog/,1970-01-01
https://apple.cx.ua/iphone-7/camera/original-used/,1970-01-01
https://apple.cx.ua/iphone-7/camera/original/,1970-01-01
https://apple.cx.ua/iphone-7/charging/analog/,1970-01-01
https://apple.cx.ua/iphone-7/charging/original/,1970-01-01
https://apple.cx.ua/iphone-7/screen/,1970-01-01
https://apple.cx.ua/iphone-7/screen/analog/,1970-01-01
https://apple.cx.ua/iphone-7/screen/original-used/,1970-01-01
https://apple.cx.ua/iphone-7/screen/original/,1970-01-01
https://apple.cx.ua/iphone-7/speaker/original/,1970-01-01
https://apple.cx.ua/iphone-7/unlock/,1970-01-01
https://apple.cx.ua/iphone-7/water/,1970-01-01
https://apple.cx.ua/iphone-8-plus/backglass/original-used/,1970-01-01
https://apple.cx.ua/iphone-8-plus/backglass/original/,1970-01-01
https://apple.cx.ua/iphone-8-plus/battery/analog/,1970-01-01
https://apple.cx.ua/iphone-8-plus/battery/original-used/,1970-01-01
https://apple.cx.ua/iphone-8-plus/battery/original/,1970-01-01
https://apple.cx.ua/iphone-8-plus/camera/original/,1970-01-01
https://apple.cx.ua/iphone-8-plus/charging/original/,1970-01-01
https://apple.cx.ua/iphone-8-plus/screen/analog/,1970-01-01
https://apple.cx.ua/iphone-8-plus/screen/original/,1970-01-01
https://apple.cx.ua/iphone-8-plus/speaker/original/,1970-01-01
https://apple.cx.ua/iphone-8-plus/unlock/standard/,1970-01-01
https://apple.cx.ua/iphone-8/backglass/,1970-01-01
https://apple.cx.ua/iphone-8/backglass/analog/,1970-01-01
https://apple.cx.ua/iphone-8/backglass/original/,1970-01-01
https://apple.cx.ua/iphone-8/battery/,1970-01-01
https://apple.cx.ua/iphone-8/battery/analog/,1970-01-01
https://apple.cx.ua/iphone-8/battery/original-used/,1970-01-01
https://apple.cx.ua/iphone-8/battery/original/,1970-01-01
https://apple.cx.ua/iphone-8/camera/original/,1970-01-01
https://apple.cx.ua/iphone-8/charging/,1970-01-01
https://apple.cx.ua/iphone-8/charging/original-used/,1970-01-01
https://apple.cx.ua/iphone-8/charging/original/,1970-01-01
https://apple.cx.ua/iphone-8/screen/,1970-01-01
https://apple.cx.ua/iphone-8/screen/analog/,1970-01-01
https://apple.cx.ua/iphone-8/screen/original-used/,1970-01-01
https://apple.cx.ua/iphone-8/screen/original/,1970-01-01
https://apple.cx.ua/iphone-8/speaker/,1970-01-01
https://apple.cx.ua/iphone-8/unlock/,1970-01-01
https://apple.cx.ua/iphone-8/unlock/standard/,1970-01-01
https://apple.cx.ua/iphone-8/water/,1970-01-01
https://apple.cx.ua/iphone-se/backglass/,1970-01-01
https://apple.cx.ua/iphone-se/backglass/original/,1970-01-01
https://apple.cx.ua/iphone-se/battery/original/,1970-01-01
https://apple.cx.ua/iphone-se/camera/original/,1970-01-01
https://apple.cx.ua/iphone-se/charging/original/,1970-01-01
https://apple.cx.ua/iphone-se/screen/original-used/,1970-01-01
https://apple.cx.ua/iphone-se/screen/original/,1970-01-01
https://apple.cx.ua/iphone-se/speaker/analog/,1970-01-01
https://apple.cx.ua/iphone-se/speaker/original/,1970-01-01
https://apple.cx.ua/iphone-se/unlock/standard/,1970-01-01
https://apple.cx.ua/iphone-se/water/,1970-01-01
https://apple.cx.ua/iphone-se/water/standard/,1970-01-01
https://apple.cx.ua/iphone-x/backglass/original-used/,1970-01-01
https://apple.cx.ua/iphone-x/battery/original/,1970-01-01
https://apple.cx.ua/iphone-x/camera/,1970-01-01
https://apple.cx.ua/iphone-x/camera/analog/,1970-01-01
https://apple.cx.ua/iphone-x/camera/original-used/,1970-01-01
https://apple.cx.ua/iphone-x/camera/original/,1970-01-01
https://apple.cx.ua/iphone-x/screen/original/,1970-01-01
https://apple.cx.ua/iphone-x/water/,1970-01-01
https://apple.cx.ua/iphone-xr/backglass/,1970-01-01
https://apple.cx.ua/iphone-xr/backglass/original-used/,1970-01-01
https://apple.cx.ua/iphone-xr/backglass/original/,1970-01-01
https://apple.cx.ua/iphone-xr/battery/,1970-01-01
https://apple.cx.ua/iphone-xr/battery/analog/,1970-01-01
https://apple.cx.ua/iphone-xr/battery/original-used/,1970-01-01
https://apple.cx.ua/iphone-xr/battery/original/,1970-01-01
https://apple.cx.ua/iphone-xr/camera/,1970-01-01
https://apple.cx.ua/iphone-xr/camera/analog/,1970-01-01
https://apple.cx.ua/iphone-xr/camera/original/,1970-01-01
https://apple.cx.ua/iphone-xr/charging/original-used/,1970-01-01
https://apple.cx.ua/iphone-xr/charging/original/,1970-01-01
https://apple.cx.ua/iphone-xr/screen/original-used/,1970-01-01
https://apple.cx.ua/iphone-xr/screen/original/,1970-01-01
https://apple.cx.ua/iphone-xr/speaker/,1970-01-01
https://apple.cx.ua/iphone-xr/speaker/analog/,1970-01-01
https://apple.cx.ua/iphone-xr/speaker/original-used/,1970-01-01
https://apple.cx.ua/iphone-xr/speaker/original/,1970-01-01
https://apple.cx.ua/iphone-xr/unlock/standard/,1970-01-01
https://apple.cx.ua/iphone-xr/water/standard/,1970-01-01
https://apple.cx.ua/iphone-xs-max/backglass/original-used/,1970-01-01
https://apple.cx.ua/iphone-xs-max/backglass/original/,1970-01-01
https://apple.cx.ua/iphone-xs-max/battery/original/,1970-01-01
https://apple.cx.ua/iphone-xs-max/camera/analog/,1970-01-01
https://apple.cx.ua/iphone-xs-max/camera/original/,1970-01-01
https://apple.cx.ua/iphone-xs-max/charging/original/,1970-01-01
https://apple.cx.ua/iphone-xs-max/screen/original-used/,1970-01-01
https://apple.cx.ua/iphone-xs-max/screen/original/,1970-01-01
https://apple.cx.ua/iphone-xs-max/speaker/original/,1970-01-01
https://apple.cx.ua/iphone-xs/backglass/original-used/,1970-01-01
https://apple.cx.ua/iphone-xs/backglass/original/,1970-01-01
https://apple.cx.ua/iphone-xs/camera/original/,1970-01-01
https://apple.cx.ua/iphone-xs/charging/,1970-01-01
https://apple.cx.ua/iphone-xs/charging/original/,1970-01-01
https://apple.cx.ua/iphone-xs/screen/original-used/,1970-01-01
https://apple.cx.ua/iphone-xs/screen/original/,1970-01-01
https://apple.cx.ua/iphone-xs/speaker/original-used/,1970-01-01